11148.77,1092.29
11148.77,464.24
11148.77,0.7
11148.77,1.53
11148.77,1473.86
11148.77,1764.2
11148.77,1092.29
11148.77,464.24
11148.77,0.7
11148.77,1.53
11148.77,1473.86
11148.77,1764.2
11148.77,1092.29
11148.77,464.24
11148.77,0.7
11148.77,1.53
11148.77,1473.86
11148.77,1764.2
11148.77,1092.29
11148.77,464.24
11148.77,0.7
11148.77,1.53
11148.77,1473.86
11148.77,1764.2
11148.77,1092.29
11148.77,464.24
11148.77,0.7
11148.77,1.53
11148.77,1473.86
11148.77,1764.2
11148.77,1092.29
11148.77,464.24
11148.77,0.7
11148.77,1.53
11148.77,1473.86
11148.77,1764.2
11148.77,1092.29
11148.77,464.24
11148.77,0.7
11148.77,1.53
11148.77,1473.86
11148.77,1764.2
11148.77,1092.29
11148.77,464.24
11148.77,0.7
11148.77,1.53
11148.77,1473.86
11148.77,1764.2
11148.77,1092.29
11148.77,464.24
11148.77,0.7
11148.77,1.53
11148.77,1473.86
11148.77,1764.2
11148.77,1092.29
11148.77,464.24
11148.77,0.7
11148.77,1.53
11148.77,1473.86
11148.77,1764.2
11148.77,1092.29
11148.77,464.24
11148.77,0.7
11148.77,1.53
11148.77,1473.86
11148.77,1764.2
11148.77,1092.29
11148.77,464.24
11148.77,0.7
11148.77,1.53
11148.77,1473.86
11148.77,1764.2
11148.77,1092.29
11148.77,464.24
11148.77,0.7
11148.77,1.53
11148.77,1473.86
11148.77,1764.2
11148.77,1092.29
11148.77,464.24
11148.77,0.7
11148.77,1.53
11148.77,1473.86
11148.77,1764.2
11148.77,1092.29
11148.77,464.24
11148.77,0.7
11148.77,1.53
11148.77,1473.86
11148.77,1764.2
11148.77,1092.29
11148.77,464.24
11148.77,0.7
11148.77,1.53
11148.77,1473.86
11148.77,1764.2
11148.77,1092.29
11148.77,464.24
11148.77,0.7
11148.77,1.53
11148.77,1473.86
11148.77,1764.2
11148.77,1092.29
11148.77,464.24
11148.77,0.7
11148.77,1.53
11148.77,1473.86
11148.77,1764.2
11148.77,1092.29
11148.77,464.24
11148.77,0.7
11148.77,1.53
11148.77,1473.86
11148.77,1764.2
11148.77,1092.29
11148.77,464.24
11148.77,0.7
11148.77,1.53
11148.77,1473.86
11148.77,1764.2
11148.77,1092.29
11148.77,464.24
11148.77,0.7
11148.77,1.53
11148.77,1473.86
11148.77,1764.2
11148.77,1092.29
11148.77,464.24
11148.77,0.7
11148.77,1.53
11148.77,1473.86
11148.77,1764.2
11148.77,1092.29
11148.77,464.24
11148.77,0.7
11148.77,1.53
11148.77,1473.86
11148.77,1764.2
11148.77,1092.29
11148.77,464.24
11148.77,0.7
11148.77,1.53
11148.77,1473.86
11148.77,1764.2
11148.77,25002.91
